log_price,area,bedrooms,bathrooms,floors,latitude,longitude,property_type,furniture,legal_status,price,distance_to_center
23.362323166633097,88,4,4,4.0,21.095906205077004,105.71179792065074,villa,other,has_title,14000000000.0,16.574719439972313
23.54464472341515,96,3,2,4.0,21.09660841470565,105.71191821791643,villa,other,has_title,16800000000.0,16.59870227923964
23.035801260892637,65,1,1,1.0,21.009765272864858,105.74373312695144,shophouse,other,has_title,10100000000.0,11.669647834228158
23.52054717183754,96,3,2,5.0,21.09625660374424,105.7129426925898,villa,other,other,16400000000.0,16.48617831268531
23.55057945893461,75,6,7,5.0,21.039329899493,105.872671366845,private_house,full,has_title,16900000000.0,2.2636919087465124
22.24932214065885,45,2,2,5.0,21.0739040374756,105.799980163574,apartment,full,has_title,4600000000.0,7.551689451076216
24.63528884239456,140,4,5,4.0,21.0778678819062,105.810747606876,villa,none,has_title,50000000000.0,7.090257992350807
23.800578097538907,77,5,5,5.0,21.11508004752585,105.86992720280936,apartment,none,contract,21700000000.0,9.72429690953124
23.767788274717454,112,3,2,5.0,21.09625322580872,105.71246646127749,villa,other,other,21000000000.0,16.530096477930687
23.921938954537907,44,5,5,7.0,21.0187338492056,105.838181698748,street_house,basic,has_title,24500000000.0,1.985435114000266
22.2048703780979,68,2,2,5.0,20.986010659073,105.78017946034,apartment,other,other,4400000000.0,9.019548649098079
21.678777282358464,59,2,1,5.0,21.00247318748455,105.96417563863226,apartment,other,has_title,2600000000.0,11.790585782755254
23.25696265098321,80,4,3,5.0,20.87099212396977,105.86326691481862,villa,basic,has_title,12600000000.0,17.464179261933023
23.693680302567394,75,3,2,5.0,21.115802584045767,105.86990384423508,villa,other,other,19500000000.0,9.802761252265558
23.641036569084743,75,3,2,5.0,21.116365184826662,105.86992918272706,villa,other,other,18500000000.0,9.864623254354397
24.47886892312664,228,5,6,4.0,21.096523443393917,105.71265334201009,villa,none,has_title,42760000000.0,16.526392847047035
24.05547034715733,80,6,5,5.0,21.1157128146904,105.870215577244,villa,basic,has_title,28000000000.0,9.798411645021714
21.365119723645122,50,2,1,5.0,20.9876464485236,105.800853669005,apartment,full,has_title,1900000000.0,7.156738757986689
23.51443094482048,88,4,5,4.0,21.09651189408116,105.7113427625869,villa,none,contract,16300000000.0,16.647169516578245
22.909317113796863,182,4,1,2.0,21.0789883846146,105.513174589723,street_house,full,has_title,8900000000.0,35.88193008660773
23.573972338507946,96,3,2,5.0,21.09612033910774,105.71257364925378,villa,other,has_title,17300000000.0,16.513500785243167
23.667704816165482,80,3,2,5.0,21.1157879877765,105.869958752508,villa,other,contract,19000000000.0,9.802119453824199
24.897653106857433,288,4,3,3.0,21.00220553173728,105.96351593733542,villa,none,has_title,65000000000.0,11.731423844639234
23.562344300513505,104,3,2,5.0,21.0965779049091,105.712032527891,villa,other,other,17100000000.0,16.586585988241392
23.65818597115678,96,6,5,5.0,21.0961602587742,105.712115246547,villa,none,contract,18820000000.0,16.557975246011743
23.48958494623549,90,4,4,5.0,21.0675992849621,105.920001043433,private_house,full,has_title,15900000000.0,8.094090815198284
23.767788274717454,75,5,5,5.0,21.115646372805536,105.87045349794109,villa,none,has_title,21000000000.0,9.79539547447877
23.767788274717454,120,3,2,5.0,21.09707576918335,105.71162392455308,villa,other,contract,21000000000.0,16.64946711460466
21.716517610327063,48,1,1,5.0,21.002579002952658,105.96323878796086,apartment,full,has_title,2700000000.0,11.693284098379499
23.53266853236915,63,5,5,5.0,21.11568533388575,105.87013064471512,villa,none,has_title,16600000000.0,9.79391745796425
24.63528884239456,150,5,4,4.0,21.07695580186638,105.81092620414,villa,other,has_title,50000000000.0,7.000773547279855
23.79131877212654,70,20,20,9.0,21.0381077113297,105.811231176077,private_house,full,has_title,21500000000.0,4.591417571640954
21.873837864861688,65,2,2,5.0,21.0016702283688,105.96435923683202,apartment,full,has_title,3160000000.0,11.8311318762801
25.551579574256714,330,3,2,5.0,21.0458811269603,105.915695612351,villa,full,has_title,125000000000.0,6.675532066513077
22.683360621134526,33,4,4,5.0,21.0527306278075,105.789123884669,private_house,full,has_title,7100000000.0,7.276744329409829
22.64018844927553,129,4,3,5.0,20.99731039537585,105.87415297478894,apartment,full,other,6800000000.0,4.028356326116683
22.05826690394191,62,2,2,5.0,21.00406447811652,105.94780494797544,apartment,full,contract,3800000000.0,10.100170425097373
23.280493148391557,42,10,2,7.0,21.0326846424388,105.808942858215,private_house,full,has_title,12900000000.0,4.727203137307961
22.179552570119437,64,2,2,5.0,20.990549885425036,105.94039926518585,apartment,full,has_title,4290000000.0,9.897719633367988
23.49585455924869,96,4,4,4.0,21.09698558868369,105.71202948037244,villa,basic,has_title,16000000000.0,16.607410597224266
23.025850930040455,55,3,2,5.0,21.00888109491205,105.74400087674384,shophouse,other,has_title,10000000000.0,11.660130039817258
23.708947774697407,74,24,24,8.0,20.9714145744878,105.80144299639,private_house,full,has_title,19800000000.0,8.368609321922747
23.880266258139077,122,3,2,5.0,21.033469142544,105.731987523161,villa,other,contract,23500000000.0,12.715763430179546
21.678777282358464,59,2,1,5.0,21.002706173488168,105.96422247408483,apartment,full,has_title,2600000000.0,11.789023211243823
25.211902206689786,210,3,2,7.0,21.045905591392,105.791460047331,street_house,full,has_title,89000000000.0,6.8002524463757235
23.585466717933024,120,3,2,5.0,20.97892817405089,105.74192488824488,villa,other,other,17500000000.0,12.898913109815766
21.338451476577184,100,3,2,5.0,20.9476399521224,105.560555912882,land,other,has_title,1850000000.0,31.818154798548573
22.498218188027575,90,3,2,5.0,21.049566,105.778595,apartment,full,has_title,5900000000.0,8.197447469751657
23.83678114620123,60,11,11,7.0,20.9944579949127,105.790262546491,private_house,full,has_title,22500000000.0,7.6413011181886805
23.55647918106145,125,3,2,5.0,20.87172307438281,105.8628164151584,villa,other,other,17000000000.0,17.38089156198737
21.752885254484713,43,1,1,5.0,21.008723058637703,105.7435502460353,apartment,basic,has_title,2800000000.0,11.70942497843615
22.109560198316302,64,2,2,5.0,21.00622276523765,105.73685334161756,apartment,full,has_title,4000000000.0,12.446010599909052
23.55647918106145,63,3,2,5.0,21.11556634617149,105.87024604680774,villa,basic,has_title,17000000000.0,9.782970265597744
22.515025306341133,110,3,2,5.0,21.04399873312493,105.76784482463052,apartment,full,has_title,6000000000.0,9.138762618899404
23.880266258139077,150,3,2,4.0,21.002469066466936,105.96327834353453,villa,other,has_title,23500000000.0,11.700266861841746
23.54285741284116,96,6,4,4.0,21.0968348792626,105.711696175797,villa,none,contract,16770000000.0,16.630644929217
23.61363759489813,63,3,2,5.0,21.115754138661448,105.87001398981089,villa,basic,has_title,18000000000.0,9.799385488891179
23.795959151682826,75,3,2,5.0,21.116326194826,105.870705050245,villa,other,contract,21600000000.0,9.874052191224648
23.428645809559587,96,3,2,4.0,21.096531093764472,105.712821530658,villa,other,has_title,14960000000.0,16.511222054995645
23.85876005291904,70,3,5,5.0,21.0349939535947,105.856329340197,street_house,full,has_title,23000000000.0,0.752292707952985
24.573413438677747,236,4,4,5.0,21.07399688911074,105.79913860252752,apartment,none,has_title,47000000000.0,7.6239705155832
22.53155460828961,82,2,2,5.0,20.9948018691724,105.867896466952,apartment,full,has_title,6100000000.0,3.9934466023989663
23.025850930040455,86,3,2,5.0,21.016879099615924,105.81538639705389,apartment,full,has_title,10000000000.0,4.235031272008395
23.272711007950107,164,3,4,5.0,21.0403863694198,105.897195227689,apartment,full,contract,12800000000.0,4.658940081905117
23.46410586093613,96,3,2,4.0,21.0961941908754,105.711848643388,shophouse,other,other,15500000000.0,16.584385482663716
22.66917598614458,99,3,2,5.0,21.08497391533869,105.79145086787376,apartment,other,other,7000000000.0,9.034759462825269
21.678777282358464,59,2,1,5.0,21.0024147033691,105.964111328125,apartment,other,has_title,2600000000.0,11.785690180593239
23.8412157432689,100,6,5,5.0,20.99870743991,105.752154424496,villa,none,has_title,22600000000.0,11.109732661570545
22.604256440054847,108,3,2,5.0,20.9972913272641,105.874197676077,apartment,full,has_title,6560000000.0,4.0325601966018665
22.59506801400185,95,3,2,5.0,20.9749778905905,105.760237962184,apartment,full,has_title,6500000000.0,11.425920214262504
23.347934429182033,88,3,2,5.0,21.097157387434045,105.71255691353404,villa,other,has_title,13800000000.0,16.567373350071914
22.82739999133857,123,3,2,5.0,21.0442363985034,105.767328429573,apartment,other,has_title,8200000000.0,9.196432102756857
23.362323166633097,96,3,2,5.0,21.0938612333491,105.703127035651,villa,other,contract,14000000000.0,17.288183907323443
22.463732011962353,87,2,2,5.0,20.9951913497711,105.867704895201,apartment,full,has_title,5700000000.0,3.946058132242629
24.866400563353817,133,5,5,3.0,21.026894781366,105.834058155523,street_house,full,has_title,63000000000.0,2.1012984880585086
22.004199682686252,55,2,1,5.0,21.00898766345516,105.74387630812367,apartment,full,has_title,3600000000.0,11.670659573758309
23.48958494623549,42,3,3,4.0,21.0266744729705,105.833903956486,private_house,other,has_title,15900000000.0,2.119459063347857
24.5074554708874,150,3,2,5.0,21.002424529674148,105.96366591957572,villa,other,has_title,44000000000.0,11.740535010533458
24.347606769949444,228,3,2,5.0,21.09644473034439,105.71201829753154,villa,other,has_title,37500000000.0,16.581214491842616
24.354516178250194,228,3,2,5.0,21.096518019559173,105.7120472957556,villa,other,has_title,37760000000.0,16.582209233877705
21.752885254484713,43,1,1,5.0,21.00893626974493,105.74344664684676,apartment,other,other,2800000000.0,11.715609663039048
22.124448810806356,74,2,2,5.0,21.00260413758865,105.96370646368813,apartment,full,has_title,4060000000.0,11.739741613602172
23.85876005291904,151,3,2,5.0,21.0492628509895,105.582752086957,land,other,has_title,23000000000.0,28.30872142945582
22.73816885762201,119,3,2,5.0,21.074283266783915,105.82328188177196,apartment,full,has_title,7500000000.0,6.001775930690609
24.615086135077448,224,3,2,4.0,21.002067893323904,105.96493780812304,villa,other,has_title,49000000000.0,11.878424392119578
24.33418374961766,224,3,2,5.0,21.033507368366,105.731926992812,villa,other,other,37000000000.0,12.72223171507138
22.880825158005806,34,3,3,4.0,21.0316156161988,105.799632036511,private_house,full,has_title,8650000000.0,5.682795620087519
22.898017558544208,42,5,3,5.0,20.9659997369539,105.837790030074,private_house,basic,has_title,8800000000.0,7.127079273305566
23.585466717933024,300,5,7,4.0,21.190744114343207,105.7238854197668,villa,other,other,17500000000.0,22.494157841248285
22.717966150307213,99,3,2,5.0,21.0843658447266,105.791664123535,apartment,full,has_title,7350000000.0,8.972238983093927
23.901319667336022,127,5,5,5.0,21.0558727397964,105.71682349539526,villa,none,contract,24000000000.0,14.597147325291797
23.573972338507946,104,3,2,5.0,21.09684916736633,105.71218288557375,villa,other,has_title,17300000000.0,16.58633727205622
23.753399537266045,120,3,2,5.0,20.9796837407068,105.741216652078,villa,other,has_title,20700000000.0,12.930370410552728
22.4811237546712,79,2,2,5.0,21.0366049166368,105.7604061294,apartment,full,has_title,5800000000.0,9.79087931513351
22.95328023721315,76,2,2,5.0,21.0702872143658,105.809996595762,apartment,basic,has_title,9300000000.0,6.520211289290722
24.36085199669911,33,5,6,7.0,21.0228860277601,105.856937477152,street_house,full,has_title,38000000000.0,0.6836087444349637
22.35250637687277,83,2,2,5.0,21.044554616363392,105.7677104711984,apartment,full,has_title,5100000000.0,9.164202196266386
22.454921382281753,60,2,1,5.0,21.084168011446405,105.8125378855932,apartment,full,has_title,5650000000.0,7.532387053378122
22.85149754291473,94,3,2,5.0,21.086773480887853,105.86757907740731,apartment,basic,contract,8400000000.0,6.60004679958965
25.590800287409685,200,3,2,5.0,21.0377616971545,105.800633049219,street_house,other,other,130000000000.0,5.661782001788728
23.85876005291904,100,3,2,6.0,20.9987866585205,105.75164018902,villa,other,other,23000000000.0,11.158201909303562
22.86333200056033,104,3,2,5.0,21.191349739957232,105.72409973451786,villa,other,contract,8500000000.0,22.534363261815717
23.61363759489813,80,5,3,4.0,21.025251639383374,105.73293124666048,villa,basic,other,18000000000.0,12.611231584894393
23.667178361823265,80,3,2,5.0,21.02348274972022,105.7290966063738,villa,other,contract,18990000000.0,13.016655158701743
24.1244632186419,125,6,4,4.0,20.97244644165039,105.81983947753906,villa,full,has_title,30000000000.0,7.160864968371503
23.220595006815273,120,3,2,5.0,21.005943992767413,105.80542258517048,apartment,other,other,12150000000.0,5.652430675909547
21.821878125947855,43,1,1,5.0,21.0115852355957,105.73583984375,apartment,full,contract,3000000000.0,12.446012993199728
21.854667948760092,43,1,1,5.0,20.996275050600808,105.93669010729394,apartment,basic,contract,3100000000.0,9.288396456538978
24.173253382809744,124,4,2,4.0,21.0363603575782,105.799124331454,villa,basic,has_title,31500000000.0,5.790770889016239
22.33270374958051,85,2,2,5.0,21.03587248404319,105.90630836366294,apartment,full,has_title,5000000000.0,5.477724223359656
22.802707378751247,130,3,2,5.0,21.00804230395901,105.80293587891194,apartment,full,other,8000000000.0,5.790663085190094
22.53155460828961,80,2,2,5.0,21.0363131554354,105.760357271131,apartment,full,has_title,6100000000.0,9.793039830522119
22.802707378751247,92,3,2,5.0,21.04025480753696,105.780009337539,apartment,full,has_title,8000000000.0,7.820912391696368
24.46093545525359,120,3,2,5.0,20.9951700091362,105.874039418735,land,other,has_title,42000000000.0,4.227494121085745
23.025850930040455,100,3,2,5.0,21.019864069903864,105.77987036728054,apartment,full,has_title,10000000000.0,7.78577008181009
22.498218188027575,35,4,2,5.0,20.978143550311,105.842342269109,private_house,other,other,5900000000.0,5.709994455161331
22.82739999133857,51,4,3,4.0,21.1184231454942,105.823450734417,private_house,full,has_title,8200000000.0,10.456337270230776
24.594466847875136,125,4,4,5.0,21.0228292791489,105.819405374917,private_house,basic,has_title,48000000000.0,3.6710796648272384
23.942141661854613,135,6,6,5.0,21.055302023101067,105.72054921589702,apartment,other,other,25000000000.0,14.205248969760008
22.3719244627261,84,2,2,5.0,21.04469984192246,105.76810935278635,apartment,full,has_title,5200000000.0,9.126673410367708
22.33270374958051,68,3,2,5.0,20.996340151825606,105.91566154731396,land,other,has_title,5000000000.0,7.314771148029043
22.86333200056033,43,5,4,5.0,20.9949009071383,105.849937807271,private_house,full,has_title,8500000000.0,3.746294205702728
22.390972657693165,19,3,2,5.0,20.9778241220486,105.842799159546,private_house,other,has_title,5300000000.0,5.734525044512292
24.1244632186419,150,3,2,5.0,21.00223565145645,105.964092480717,villa,other,has_title,30000000000.0,11.788671525896634
23.025850930040455,118,4,3,5.0,20.997587,105.80383,apartment,basic,contract,10000000000.0,6.255835896852562
23.46410586093613,96,3,2,4.0,21.0964748475177,105.7120365402187,villa,other,has_title,15500000000.0,16.58103688102851
22.004199682686252,55,2,1,5.0,20.99933031642184,105.73806364771224,apartment,other,other,3600000000.0,12.498103968235382
22.662007496666998,115,3,2,5.0,21.01767447134264,105.78013271625024,apartment,full,has_title,6950000000.0,7.792350844736718
21.639556569220566,60,3,2,5.0,21.0496851441036,105.583039081255,land,other,has_title,2500000000.0,28.28278844549941
23.035801260892637,110,3,2,5.0,21.037281670959683,105.78625344424005,apartment,other,has_title,10100000000.0,7.129490609021676
22.66917598614458,540,3,2,5.0,20.8512369117822,105.600899971008,land,other,has_title,7000000000.0,32.85269351715352
22.969280578557882,165,3,2,5.0,21.02985174908173,105.77634155737128,apartment,full,has_title,9450000000.0,8.0947829617346
21.59873457471698,32,1,1,5.0,21.00616005853673,105.73708539174687,apartment,other,has_title,2400000000.0,12.42374925106928
21.311052502404085,32,1,1,5.0,21.008751871548878,105.74309445225352,apartment,full,has_title,1800000000.0,11.755380815102706
22.489707498361117,80,2,2,5.0,21.08443264700247,105.79122030352306,apartment,full,has_title,5850000000.0,9.010789514795116
23.074641094205127,131,3,2,5.0,21.00259471038,105.815209321845,apartment,full,has_title,10500000000.0,4.965567624795685
22.489707498361117,60,2,2,5.0,20.968113202157024,105.75399761708567,apartment,basic,has_title,5850000000.0,12.378989901708842
22.02345749928537,78,3,2,5.0,21.07919699857018,105.65182484686376,land,other,has_title,3670000000.0,21.769546676861893
23.892951417665856,145,6,6,5.0,21.06843364943374,105.70977343492204,villa,none,has_title,23800000000.0,15.648820300475544
22.35250637687277,65,2,2,5.0,20.985308532096465,105.78031833549502,apartment,full,contract,5100000000.0,9.048091694934206
22.898017558544208,112,3,2,5.0,21.00600412853149,105.79387831980804,apartment,full,has_title,8800000000.0,6.747465009140863
24.173253382809744,130,4,2,4.0,21.0378284297645,105.798091686463,private_house,other,has_title,31500000000.0,5.923057219725749
22.515025306341133,78,2,2,5.0,21.03611519923738,105.76021490943556,apartment,full,has_title,6000000000.0,9.805877894280092
22.33270374958051,83,2,2,5.0,21.075283212352527,105.69817175559189,apartment,basic,other,5000000000.0,17.023839201197482
22.963975526328753,128,3,2,5.0,21.065869681483967,105.79809238499566,apartment,other,other,9400000000.0,7.150345495313373
23.708947774697407,148,7,6,4.0,21.0042711060459,105.820910237214,private_house,full,has_title,19800000000.0,4.378704316981573
21.97316757344728,63,3,2,4.0,20.9441711716544,105.703834889908,private_house,basic,has_title,3490000000.0,18.210543191283577
22.4811237546712,54,3,2,5.0,20.9791299332361,105.941406360414,land,other,has_title,5800000000.0,10.586901504998323
22.193441682276887,64,2,2,5.0,20.9994296773225,105.738160081077,apartment,full,has_title,4350000000.0,12.485575195520754
22.08424239033842,64,2,2,5.0,20.9993915847168,105.738513260245,apartment,full,has_title,3900000000.0,12.45119541150822
22.97455763565817,88,3,2,5.0,21.00617627850472,105.79467680833912,apartment,other,has_title,9500000000.0,6.663291329681306
25.123868857205498,335,3,2,5.0,21.0055861801268,105.845923047222,street_house,other,has_title,81500000000.0,2.678905228519846
21.556174960316298,102,3,2,5.0,20.9138566205051,105.621801722569,land,other,has_title,2300000000.0,27.297666447576827
24.000410569976324,146,4,3,5.0,21.033321151717345,105.81626297468834,apartment,full,has_title,26500000000.0,3.9794771365608868
21.770584831577846,100,3,2,5.0,21.0409282218403,105.547812482749,land,other,has_title,2850000000.0,31.87756925420595
22.409664790701825,72,2,2,5.0,20.9748320469146,105.760716270967,apartment,full,has_title,5400000000.0,11.391848932163343
25.211902206689786,120,2,2,1.0,21.0778327056348,105.8176539321,street_house,none,has_title,89000000000.0,6.6528977547471895
22.59506801400185,118,3,2,5.0,21.0120723868163,105.775007294442,apartment,other,has_title,6500000000.0,8.431106218065151
23.46410586093613,80,2,2,3.0,21.0113588155384,105.856976226905,private_house,other,other,15500000000.0,1.9196446078495135
22.33270374958051,55,2,2,5.0,21.073718168452626,105.79999839554196,apartment,other,other,5000000000.0,7.536592061243705
22.802707378751247,87,2,2,5.0,21.0093860626221,105.773872375488,apartment,other,has_title,8000000000.0,8.614620699824316
23.26092305219899,43,3,2,6.0,21.0035806298987,105.811101114387,private_house,basic,has_title,12650000000.0,5.261867159331094
22.95328023721315,126,3,2,5.0,21.079791112724426,105.81421292320924,apartment,basic,has_title,9300000000.0,7.037135035028149
25.69999957937388,200,3,2,9.0,21.0116402051068,105.837096580571,street_house,other,has_title,145000000000.0,2.577941977345208
24.46093545525359,95,4,4,4.0,21.0718068282871,105.805878683428,villa,none,has_title,42000000000.0,6.9436280241489365
23.8412157432689,50,4,4,5.0,21.0187983760274,105.792500808296,street_house,full,has_title,22600000000.0,6.503200126508581
25.25586533011042,280,6,6,8.0,21.0311220299131,105.775128365248,street_house,basic,has_title,93000000000.0,8.224601071423683
22.489707498361117,75,2,1,5.0,21.0154222360917,105.812659530356,apartment,full,has_title,5850000000.0,4.554628192024249
23.71398556872711,108,3,2,5.0,21.1184476445064,105.823267268049,land,other,has_title,19900000000.0,10.464760725434056
23.362323166633097,88,3,2,4.0,20.9789532899328,105.74174433494,villa,other,other,14000000000.0,12.914720961543948
22.898017558544208,102,3,2,5.0,20.99555580953467,105.80650364309705,apartment,full,has_title,8800000000.0,6.15564782994068
24.1244632186419,120,4,5,4.0,20.9641799926758,105.756004333496,villa,other,has_title,30000000000.0,12.4479291844203
22.66917598614458,75,2,2,5.0,21.037394546790956,105.7865430084276,apartment,other,has_title,7000000000.0,7.101393151836351
24.67450955554707,252,6,4,3.0,20.95588055704211,105.84518451677604,villa,other,has_title,52000000000.0,8.094661450270394
22.463732011962353,87,2,2,5.0,21.0119361877441,105.774993896484,apartment,other,has_title,5700000000.0,8.435735284093086
23.49585455924869,150,4,2,5.0,21.0741254622488,105.823894362441,apartment,basic,has_title,16000000000.0,5.953102267353591
22.463732011962353,110,3,2,5.0,20.977966968148134,105.84246026231408,apartment,none,has_title,5700000000.0,5.726458361502148
22.79012859654597,135,3,2,5.0,21.03086118115101,105.75989689326174,apartment,full,has_title,7900000000.0,9.806277342289231
21.716517610327063,59,2,1,5.0,21.00266827970731,105.96352751392368,apartment,full,has_title,2700000000.0,11.719964893602848
23.248994481334666,80,3,2,5.0,21.056145056840464,105.71684587447989,villa,other,other,12500000000.0,14.601149761353597
24.000410569976324,120,6,3,5.0,20.97425474101304,105.78972404992776,villa,other,other,26500000000.0,9.000434787257362
22.73816885762201,100,3,2,5.0,21.08391835785997,105.8118674940998,apartment,full,has_title,7500000000.0,7.550176084845375
22.95328023721315,40,4,3,4.0,21.0401052998457,105.806197402404,private_house,full,has_title,9300000000.0,5.152492555195068
22.312501042267073,89,3,2,5.0,20.95871110831512,105.82653078689764,apartment,basic,has_title,4900000000.0,8.24501052620149
23.61363759489813,38,4,5,5.0,21.0557021221527,105.808793560441,street_house,other,has_title,18000000000.0,5.598686058999256
23.397414486441907,100,3,2,5.0,21.055867366600868,105.71659901198028,villa,other,has_title,14500000000.0,14.61984970071538
22.3719244627261,50,3,2,5.0,21.0214897566496,105.811898892502,street_house,other,other,5200000000.0,4.465303233830851
22.463732011962353,83,2,2,5.0,20.9947439981482,105.868023688426,apartment,full,has_title,5700000000.0,4.004161521567083
22.35250637687277,74,2,2,5.0,21.05577860306941,105.7774051566786,apartment,other,other,5100000000.0,8.534424985454242
23.264867830489695,41,6,5,6.0,20.9832774105801,105.81236649821,private_house,full,has_title,12700000000.0,6.63214774392126
22.216169933349278,70,2,2,5.0,21.055700020870272,105.77711787327551,apartment,full,other,4450000000.0,8.559296665395575
23.55647918106145,100,4,5,4.0,21.0069748013976,105.69841321185594,villa,basic,contract,17000000000.0,16.36971071100381
23.287445667705903,56,4,4,4.0,21.0295296452745,105.80956383496,private_house,full,has_title,12990000000.0,4.64134274199271
22.27082834587519,75,3,2,5.0,20.99985819256185,105.73850846938124,apartment,full,has_title,4700000000.0,12.438387260339479
22.446032434866087,74,2,2,5.0,21.049573794960537,105.77858889668514,apartment,full,other,5600000000.0,8.198301033773216
23.53266853236915,75,4,5,6.0,21.0435377685881,105.872678720652,private_house,full,has_title,16600000000.0,2.541934222034142
23.431316038115288,186,4,3,5.0,21.00444986124265,105.80418536492094,apartment,other,has_title,15000000000.0,5.841644792666729
22.579563827468288,90,3,2,5.0,21.05040134708978,105.77839406389172,apartment,other,other,6400000000.0,8.244179252804404
23.248994481334666,128,3,3,5.0,21.0086598330846,105.743471576455,apartment,full,has_title,12500000000.0,11.718771630375485
23.942141661854613,100,3,2,5.0,20.9749394182294,105.823214545855,apartment,other,has_title,25000000000.0,6.748629527086272
23.208172486817745,40,9,9,5.0,21.0246611586348,105.789163079183,private_house,full,other,12000000000.0,6.7740637441606575
24.249626361591986,200,3,2,4.0,20.9995332622276,105.716858930868,villa,basic,has_title,34000000000.0,14.633828336881347
22.751414084370275,119,3,2,5.0,21.07372172419597,105.82331672736622,apartment,full,has_title,7600000000.0,5.9474065435370695
22.97455763565817,50,3,2,5.0,21.0089759478655,105.74406224584928,shophouse,other,other,9500000000.0,11.651905585374099
23.585466717933024,120,6,6,4.0,20.9793030651558,105.821246649112,private_house,full,has_title,17500000000.0,6.434843894757319
21.465203182151978,158,3,2,5.0,20.953144150423,105.528954440324,land,other,has_title,2100000000.0,34.831931330705636
22.85149754291473,45,4,4,5.0,20.9919712474829,105.844135682202,private_house,full,has_title,8400000000.0,4.17751492017239
23.102811971169178,151,4,2,5.0,21.065221385643,105.798636342272,apartment,other,has_title,10800000000.0,7.062758159465958
22.86333200056033,47,3,2,5.0,21.0089635019798,105.743962803406,shophouse,other,has_title,8500000000.0,11.66232002854882
23.12116110983569,186,4,3,5.0,21.03000758404718,105.77719941525504,apartment,full,has_title,11000000000.0,8.005960868571833
23.693680302567394,146,3,2,5.0,21.0659994166924,105.826212862547,apartment,full,has_title,19500000000.0,5.069480457249733
21.870668290101413,32,3,4,5.0,20.9407556344148,105.735283693232,private_house,basic,has_title,3150000000.0,15.724856481274417
21.752885254484713,34,2,1,5.0,21.0736586828061,105.80025025637,apartment,full,contract,2800000000.0,7.512661304743785
23.85876005291904,56,8,7,7.0,21.020837715521,105.808616706681,street_house,basic,has_title,23000000000.0,4.813875744933559
22.875028040322153,104,3,2,5.0,21.0344498892632,105.769421111832,apartment,full,has_title,8600000000.0,8.837232847701928
22.990223752400933,54,3,2,5.0,20.9986401717415,105.72176317665,land,other,has_title,9650000000.0,14.159615483346588
24.897653106857433,90,3,2,3.0,21.0109876489244,105.853958876611,street_house,other,has_title,65000000000.0,1.9390819719916237
23.608066549848985,80,4,4,4.0,21.033023268868,105.732207436034,apartment,other,contract,17900000000.0,12.690900096871024
22.2048703780979,54,2,2,5.0,21.03528712322248,105.76763595973308,apartment,full,has_title,4400000000.0,9.029507611464695
22.045021677195397,64,2,2,5.0,21.00814362568512,105.74416100179496,apartment,full,has_title,3750000000.0,11.659311127198869
23.15687919243458,46,4,2,5.0,21.0169311499112,105.831719050494,private_house,full,other,11400000000.0,2.664995323373718
22.489707498361117,74,2,2,5.0,21.0398757079073,105.896327596774,apartment,other,has_title,5850000000.0,4.556552833061635
22.463732011962353,30,3,2,5.0,20.9820982823013,105.886898154996,private_house,other,other,5700000000.0,6.16037887862938
23.81430829035018,60,3,2,5.0,21.021318524917,105.815895360389,private_house,other,has_title,22000000000.0,4.060496903559263
23.280493148391557,66,7,7,4.0,21.0143895011406,105.810694401506,private_house,other,has_title,12900000000.0,4.784877583430762
23.49585455924869,48,3,4,6.0,20.9870644350519,105.818693773485,private_house,full,has_title,16000000000.0,5.888360645331683
23.667704816165482,80,3,2,5.0,20.9795156041104,105.741447796822,villa,other,other,19000000000.0,12.916354164294667
22.73816885762201,85,2,2,5.0,21.07298750120568,105.81256631214823,apartment,basic,other,7500000000.0,6.556354912485459
21.282881625453264,34,1,1,5.0,21.0066414024223,105.736105632027,apartment,full,has_title,1750000000.0,12.513145284267136
21.763542548954913,251,3,2,5.0,20.8696056833021,105.604746977505,land,other,has_title,2830000000.0,31.346498914087274
22.312501042267073,60,2,1,5.0,21.08385851526166,105.81150596673838,apartment,full,has_title,4900000000.0,7.56676565744433
21.854667948760092,44,3,2,5.0,21.1641890806113,105.776223562967,land,other,has_title,3100000000.0,17.068720016881514
22.86333200056033,38,4,4,7.0,21.0063306204625,105.835344597239,private_house,full,has_title,8500000000.0,3.14118169319354
22.33270374958051,83,3,2,5.0,21.074515624302222,105.6988671908535,apartment,other,other,5000000000.0,16.92927057847712
22.312501042267073,90,2,2,5.0,20.958483058365264,105.82637065986276,apartment,basic,contract,4900000000.0,8.27448542045564
24.897653106857433,210,7,6,5.0,21.0843191002067,105.791657977668,shophouse,other,has_title,65000000000.0,8.969135505620264
21.6978254773219,38,2,2,5.0,21.005804652960023,105.7942372293038,apartment,full,has_title,2650000000.0,6.721032037582171
22.839521351869447,60,3,2,5.0,21.0953183029648,105.850202465878,land,other,has_title,8300000000.0,7.409633988910606
21.547441280351357,43,1,1,5.0,20.9913342902903,105.940562543505,apartment,full,has_title,2280000000.0,9.87657310180574
22.498218188027575,82,3,2,5.0,21.030799788925915,105.76070940504432,apartment,full,has_title,5900000000.0,9.721668745393446
22.56381547050263,116,3,2,5.0,20.98651885986328,105.7863998413086,apartment,other,has_title,6300000000.0,8.4433746465416
22.875028040322153,47,3,2,5.0,21.009023506771527,105.74402058086314,shophouse,other,other,8600000000.0,11.655184662148997
23.232865099406084,104,3,2,5.0,21.063198182373267,105.79699914748748,apartment,other,has_title,12300000000.0,7.078571411291044
23.641036569084743,70,3,2,5.0,20.9577440437807,105.766773228171,villa,full,has_title,18500000000.0,12.000069727942272
24.48446595266323,106,5,9,9.0,20.9863275526797,105.807375267949,private_house,full,has_title,43000000000.0,6.7453971400699135
22.515025306341133,78,2,2,5.0,21.03650795341331,105.76096578962198,apartment,full,has_title,6000000000.0,9.731969364022605
24.073169924256103,120,3,2,5.0,20.9734108528833,105.789111659643,villa,other,has_title,28500000000.0,9.110256885724278
22.97455763565817,80,4,3,4.0,21.0328770571568,105.809061393843,private_house,full,has_title,9500000000.0,4.717078979589182
22.15835036247383,69,2,2,5.0,20.9989585876465,105.788032531738,apartment,other,other,4200000000.0,7.616826288351035
24.306784775430298,240,3,2,5.0,20.978536465243668,105.74220977663695,villa,none,has_title,36000000000.0,12.890680150869485
22.47246569192958,98,3,2,5.0,21.009320827039964,105.74317557681842,apartment,full,has_title,5750000000.0,11.735511497650863
22.823734745940722,105,3,2,5.0,21.0114017548582,105.736408763769,apartment,none,contract,8170000000.0,12.390641449636913
21.678777282358464,43,1,1,5.0,21.0062160491943,105.736473083496,apartment,full,has_title,2600000000.0,12.48490723805415
24.1244632186419,64,3,2,6.0,20.9760234088416,105.790912414238,street_house,other,other,30000000000.0,8.777943066285237
21.6978254773219,48,2,1,5.0,21.0065801793071,105.735808314468,apartment,full,has_title,2650000000.0,12.544783771738798
24.63528884239456,201,3,2,5.0,20.9708743654478,105.828574920293,villa,full,has_title,50000000000.0,6.914074487735057
22.4811237546712,64,2,2,5.0,21.0050047810235,105.803956461001,apartment,full,has_title,5800000000.0,5.835179336798746
23.46410586093613,55,5,6,7.0,21.0377226455516,105.830153659296,private_house,full,has_title,15500000000.0,2.7000816568249015
24.1244632186419,200,3,2,4.0,20.981555186584323,105.7544987966185,villa,other,has_title,30000000000.0,11.595739985061881
21.659359196508902,50,3,2,5.0,21.0863967238117,105.652494684508,land,other,has_title,2550000000.0,21.92150653799591
22.802707378751247,135,3,2,5.0,21.0317763268545,105.76091025434,apartment,full,has_title,8000000000.0,9.704205944838487
22.66917598614458,117,3,2,5.0,20.98702621459961,105.78683471679688,apartment,other,has_title,7000000000.0,8.374726230189781
22.711140185237742,105,2,2,5.0,21.084474978472933,105.79126081308934,apartment,none,other,7300000000.0,9.010953774466383
22.82739999133857,55,1,1,5.0,21.032596023980805,105.81624302235431,apartment,full,has_title,8200000000.0,3.9715755270031807
24.920467784623256,267,3,2,4.0,21.0463284535115,105.915388798014,villa,other,other,66500000000.0,6.65950328830731
24.748617527699416,200,3,2,5.0,20.97515679622403,105.813741151423,villa,other,has_title,56000000000.0,7.250880136404829
22.498218188027575,33,3,2,4.0,20.9884048969116,105.857033753076,private_house,full,has_title,5900000000.0,4.448980229454966
21.230083439917273,70,3,2,5.0,21.0407240390942,105.548129118664,land,other,has_title,1660000000.0,31.843739658571184
22.73816885762201,35,3,3,5.0,21.0163273715883,105.822689350105,private_house,other,has_title,7500000000.0,3.542099258699383
23.431316038115288,100,3,2,4.0,21.0560143138469,105.717179536999,villa,none,has_title,15000000000.0,14.564212331363075
22.610335486130307,83,3,2,5.0,21.0322353952639,105.941944966276,private_house,full,has_title,6600000000.0,9.130404181245623
20.970125915659185,80,3,2,5.0,21.2687103038939,105.876455950387,land,other,has_title,1280000000.0,26.69610981089923
22.898017558544208,43,5,3,5.0,21.032086594437,105.82555842698,private_house,full,has_title,8800000000.0,3.003639639064758
23.397414486441907,160,4,2,5.0,21.08391430800824,105.81187581304884,apartment,other,has_title,14500000000.0,7.549307913777292
23.585466717933024,70,4,3,3.0,20.9671845,105.7768401,street_house,basic,has_title,17500000000.0,10.52520609959583
22.096981416112605,36,3,3,3.0,20.9577656480136,105.72563206617,private_house,full,has_title,3950000000.0,15.492972009089709
23.49585455924869,186,4,4,5.0,21.079961267400545,105.81305066507612,apartment,full,has_title,16000000000.0,7.124199668716952
22.625373363492585,120,3,3,5.0,21.052296838294208,105.88480751479726,apartment,basic,contract,6700000000.0,4.130764297533061
23.767788274717454,53,3,2,6.0,21.0597126105329,105.804542552869,private_house,full,has_title,21000000000.0,6.211470151567033
22.045021677195397,70,2,2,5.0,20.975877848955413,105.76187148464398,apartment,full,has_title,3750000000.0,11.229009907950239
25.099022858619275,359,3,2,5.0,21.0480426944456,105.906582317791,villa,other,other,79500000000.0,5.858989248079521
22.4811237546712,80,3,3,5.0,21.01419997061062,105.78886613353876,apartment,full,has_title,5800000000.0,6.973919845412073
23.585466717933024,110,6,7,4.0,21.006530246284413,105.69809220103264,villa,other,contract,17500000000.0,16.409974911001
24.18900173977739,150,3,2,5.0,21.00949394144533,105.74419901309896,shophouse,full,other,32000000000.0,11.627399442203549
21.760002722251045,60,2,1,5.0,20.99053505010769,105.9403842941032,apartment,none,has_title,2820000000.0,9.897008298439276
23.921938954537907,154,3,2,5.0,20.9987139017359,105.717772476553,villa,other,has_title,24500000000.0,14.561493830679128
23.431316038115288,50,6,4,6.0,21.0117051077897,105.809736248075,private_house,full,has_title,15000000000.0,4.982298027450485
22.3719244627261,110,3,2,5.0,21.0358898871956,105.822753539169,apartment,other,other,5200000000.0,3.3696415677273395
22.802707378751247,160,4,2,5.0,21.044738973760357,105.76787120353734,apartment,other,has_title,8000000000.0,9.151795434161572
22.4811237546712,86,3,2,5.0,20.9992589796583,105.787641157502,apartment,full,has_title,5800000000.0,7.639431568443119
23.397414486441907,97,3,3,5.0,21.072833590649346,105.81276555546934,apartment,basic,has_title,14500000000.0,6.5298881769757635
25.105292471632794,350,3,2,4.0,21.047701275005085,105.90634333246685,villa,other,has_title,80000000000.0,5.822007863348249
22.72474583729167,30,3,2,5.0,21.061196090199,105.809143796499,private_house,other,has_title,7400000000.0,5.919135459082441
24.573413438677747,126,4,4,3.0,21.0730222733357,105.811552511515,villa,other,has_title,47000000000.0,6.629233773030523
23.431316038115288,160,3,2,5.0,20.99125666239768,105.9402316895716,shophouse,other,has_title,15000000000.0,9.848911669624533
21.416413018006356,32,1,1,5.0,21.008425556405697,105.7432979706459,apartment,other,has_title,2000000000.0,11.741391074869359
23.00564822272498,45,3,4,6.0,21.049687075239,105.883835987479,private_house,full,has_title,9800000000.0,3.8719421845111897
22.662007496666998,98,3,2,5.0,21.0281552412227,105.779260856911,apartment,full,has_title,6950000000.0,7.790075195003002
23.942141661854613,80,5,8,7.0,20.9836862516065,105.850170743151,private_house,full,has_title,25000000000.0,4.979301059093789
22.17018482011803,43,3,2,5.0,20.9791894654211,105.941352206292,land,other,has_title,4250000000.0,10.578675433674926
22.751414084370275,55,1,2,3.0,21.0617329178411,105.86184931226,private_house,none,has_title,7600000000.0,3.7643883675016014
23.921938954537907,75,3,2,2.0,21.0902398410945,105.811141872602,street_house,other,has_title,24500000000.0,8.17021364644793
23.901319667336022,101,3,2,4.0,21.0331497192383,105.73218536377,villa,none,contract,24000000000.0,12.693747439145023
24.897653106857433,150,3,2,3.0,20.9992662629112,105.78772906896,villa,full,has_title,65000000000.0,7.630812257535
24.000410569976324,112,6,6,4.0,20.97323277270274,105.78893105905152,villa,basic,has_title,26500000000.0,9.13740804462947
23.46410586093613,96,4,2,4.0,21.09730901553464,105.71200161110164,villa,other,has_title,15500000000.0,16.626351003651298
21.716517610327063,55,2,1,5.0,20.991277954321927,105.94081556354033,apartment,none,has_title,2700000000.0,9.9030878287418
23.83678114620123,75,3,2,5.0,20.9756280113334,105.789624270183,street_house,basic,has_title,22500000000.0,8.90749182798019
21.465203182151978,43,2,2,5.0,21.0090081598915,105.744285327822,apartment,full,has_title,2100000000.0,11.628454323787501
22.64018844927553,38,4,4,5.0,20.9950167376947,105.856645621401,private_house,full,has_title,6800000000.0,3.7158809671089053
22.69037819379219,98,3,2,5.0,21.083604501971,105.79197920556344,apartment,full,has_title,7150000000.0,8.89050117520654
23.084119838158774,106,3,2,5.0,21.036260698765616,105.76115485202534,apartment,full,has_title,10600000000.0,9.709945805584612
22.181880859878486,95,3,2,5.0,21.07527013344078,105.7005203182218,apartment,full,has_title,4300000000.0,16.791034124677694
24.05547034715733,75,6,6,5.0,20.9753785423319,105.814312862577,shophouse,full,other,28000000000.0,7.196478919894899
23.850026372950666,66,6,6,7.0,21.0160704597505,105.822576069786,private_house,full,has_title,22800000000.0,3.563881778036596
21.230083439917273,76,3,2,5.0,21.2917161476946,105.762220924965,land,other,has_title,1660000000.0,30.66879377225097
25.3284360229445,263,3,2,5.0,21.034196278786457,105.76884465676584,villa,other,has_title,100000000000.0,8.894961454920471
24.67450955554707,626,3,2,5.0,20.9790471765331,105.941219788475,land,other,has_title,52000000000.0,10.57503739056921
23.880266258139077,122,3,2,4.0,21.032513892620027,105.73153591293357,shophouse,other,other,23500000000.0,12.758582984102853
23.46410586093613,244,3,2,5.0,20.9990406036449,105.803558505563,other,full,contract,15500000000.0,6.193210508467634
24.551907233457246,280,5,6,4.0,21.0332208470983,105.732357582473,villa,none,contract,46000000000.0,12.676179491829663
24.258119603450403,122,3,2,5.0,21.0896007855242,105.804362387222,private_house,full,has_title,34290000000.0,8.5201338457803
25.798439652186488,410,9,9,9.0,21.0742015871071,105.813055797532,street_house,other,has_title,160000000000.0,6.624968260123253
21.886416647064593,55,2,2,5.0,20.990877151489254,105.94048309326172,apartment,other,other,3200000000.0,9.89028714093325
22.77738957077016,96,3,2,5.0,21.002739519468,105.814906454967,apartment,full,has_title,7800000000.0,4.982105808096825
23.28821519448487,101,2,2,5.0,21.059407415433164,105.80338513898852,apartment,other,has_title,13000000000.0,6.2933560866770115
23.025850930040455,92,3,2,5.0,21.0169914764882,105.815257853621,apartment,full,other,10000000000.0,4.244010750469543
23.303482666614492,152,3,2,5.0,21.08374023407601,105.81129115193347,apartment,full,other,13200000000.0,7.569295003039076
22.004199682686252,40,3,2,5.0,20.9792298823524,105.941518401199,land,other,other,3600000000.0,10.591172666014003
22.802707378751247,70,2,2,5.0,21.02080590951209,105.78106244758284,apartment,other,has_title,8000000000.0,7.650466456098892
22.53155460828961,79,3,2,5.0,21.0062061685399,105.73714283919,apartment,basic,contract,6100000000.0,12.416879036779397
22.920490414393743,106,3,2,5.0,21.0045058216802,105.803678469124,apartment,full,has_title,9000000000.0,5.885797278025122
23.069867815452923,136,4,3,5.0,21.01270930848696,105.73404296945748,apartment,basic,contract,10450000000.0,12.612815616242143
22.683360621134526,31,3,2,5.0,21.0243330700887,105.891449930708,private_house,other,other,7100000000.0,3.899595240349986
24.05547034715733,85,3,2,4.0,20.9752486967087,105.789845142483,street_house,other,has_title,28000000000.0,8.917911319277758
23.431316038115288,147,4,3,5.0,21.0052837425583,105.804986909075,apartment,basic,other,15000000000.0,5.725551209660687
22.72474583729167,109,3,3,5.0,21.0561612554301,105.728525463492,apartment,other,contract,7400000000.0,13.416956364643111
23.55057945893461,73,3,2,5.0,20.9528112589684,105.785015928912,villa,none,has_title,16900000000.0,11.044086287114784
22.23839307012905,64,2,2,5.0,21.009075739246367,105.7440043019878,apartment,full,other,4550000000.0,11.655777390010007
23.880266258139077,80,3,2,5.0,20.9528064727783,105.785003662109,villa,other,has_title,23500000000.0,11.045319234377516
22.931540250579104,46,3,4,5.0,20.9750307759422,105.786713631944,private_house,full,has_title,9100000000.0,9.18025939651099
23.61363759489813,100,5,5,4.0,21.056063754799776,105.71632504290548,villa,none,has_title,18000000000.0,14.652213411879837
23.7189981105504,60,4,5,5.0,21.025984644676,105.840063111836,private_house,basic,has_title,20000000000.0,1.4957068595557588
25.142106444755058,137,5,5,5.0,21.0098850976447,105.802441725211,street_house,full,has_title,83000000000.0,5.761855208251885
22.717966150307213,95,3,2,5.0,21.0348789520512,105.79472550488,apartment,full,has_title,7350000000.0,6.222491695578984
23.248994481334666,115,3,2,5.0,21.008969323071437,105.77343022336868,apartment,full,has_title,12500000000.0,8.670587546140373
24.011667724500537,88,3,2,3.0,21.0430371798293,105.775600654496,private_house,other,has_title,26800000000.0,8.327087403217755
22.800204248533444,36,4,2,6.0,20.9824275023031,105.887032515123,private_house,other,other,7980000000.0,6.137769858060417
22.05826690394191,82,2,2,5.0,21.00733134703055,105.74482035537171,apartment,full,other,3800000000.0,11.609917336804523
22.4811237546712,35,4,2,5.0,20.9948281480877,105.856448071417,private_house,full,has_title,5800000000.0,3.7353711589001755
23.85876005291904,146,4,3,5.0,21.0338221619155,105.817433465925,apartment,other,other,23000000000.0,3.8669966874520205
23.909618470150374,70,3,2,5.0,20.9723170538011,105.866764443431,villa,other,has_title,24200000000.0,6.356097742014477
22.515025306341133,53,1,1,5.0,21.02013619894019,105.78155366498665,apartment,basic,other,6000000000.0,7.608407437870402
23.55647918106145,81,4,5,4.0,21.007536942881774,105.9380581565424,villa,basic,has_title,17000000000.0,9.021393496532157
23.28821519448487,90,3,2,5.0,21.0562253784472,105.716855822153,villa,other,has_title,13000000000.0,14.60200195801617
22.66917598614458,34,3,2,5.0,21.0427865601779,105.873521116277,private_house,other,has_title,7000000000.0,2.556454631543164
22.802707378751247,98,3,2,2.0,21.0740705145707,105.823833816465,private_house,full,has_title,8000000000.0,5.951275931334528
22.109560198316302,52,2,2,5.0,21.03554219429826,105.76701313675414,apartment,full,has_title,4000000000.0,9.096395446254254
22.920490414393743,96,2,2,5.0,21.0727600206351,105.812910677563,apartment,other,other,9000000000.0,6.513821091052604
23.83678114620123,140,24,24,6.0,21.0231980363624,105.806215704281,private_house,full,has_title,22500000000.0,5.022509713148533
23.397414486441907,95,1,1,1.0,21.008198443316196,105.74408059482874,shophouse,none,has_title,14500000000.0,11.666339578787177
23.51443094482048,65,3,2,5.0,20.9751419259825,105.786429937702,street_house,other,other,16300000000.0,9.19490909207329
22.845527375928935,62,6,5,6.0,21.0384,105.9031263,private_house,full,has_title,8350000000.0,5.202530457806521
25.76669095387211,230,3,2,12.0,21.0150780829264,105.850840774166,street_house,other,other,155000000000.0,1.526518187313411
24.424567811083595,121,3,2,1.0,21.0351200535339,105.825288291041,private_house,other,has_title,40500000000.0,3.0934123122836166
22.23839307012905,68,2,2,5.0,20.96006860727408,105.79176734134349,apartment,full,has_title,4550000000.0,9.97706339730704
22.607300582435613,82,2,2,5.0,21.0100122057068,105.82470892452,apartment,full,has_title,6580000000.0,3.686331194020981
24.219773398443195,54,5,6,6.0,21.0580352442757,105.819539100626,street_house,full,has_title,33000000000.0,4.865447710118502
24.63528884239456,80,6,4,5.0,21.0233419439306,105.806253055226,street_house,full,has_title,50000000000.0,5.0168125491510285
23.025850930040455,40,4,2,4.0,20.9681755443362,105.772276397847,private_house,other,has_title,10000000000.0,10.82404238021055
24.304003132468498,105,4,3,4.0,21.0299818751329,105.760082270483,villa,full,has_title,35900000000.0,9.784926478120472
22.36226255181623,78,2,2,5.0,20.983614203286127,105.77700895167216,apartment,full,has_title,5150000000.0,9.43938435133986
22.875028040322153,72,2,2,5.0,20.99742853977007,105.80413882523284,apartment,basic,has_title,8600000000.0,6.238645416332043
23.708947774697407,70,3,2,5.0,20.9881506828887,105.793037655889,villa,other,other,19800000000.0,7.7711414601206315
22.73816885762201,73,2,2,5.0,21.00422838429314,105.80340830673735,apartment,full,has_title,7500000000.0,5.924746415536651
23.437960580833515,96,3,2,5.0,21.0958856640598,105.7119375088146,street_house,basic,contract,15100000000.0,16.560743712792288
24.36085199669911,210,8,6,6.0,21.007809207248,105.937627312462,villa,none,has_title,38000000000.0,8.970365844899755
22.428013929366653,47,4,4,4.0,20.9995896529089,105.742215536718,private_house,basic,has_title,5500000000.0,12.0739917927897
22.33270374958051,35,3,4,5.0,21.029334634480623,105.88240252725538,private_house,full,has_title,5000000000.0,2.9331189716115236
22.69734686310731,96,3,2,5.0,21.00307748434444,105.80249363630922,apartment,full,other,7200000000.0,6.067713946983551
22.409664790701825,73,2,2,5.0,21.04950187536695,105.77858327895969,apartment,full,has_title,5400000000.0,8.19660012528696
22.64018844927553,80,2,2,5.0,20.9943332672119,105.867561340332,apartment,other,has_title,6800000000.0,4.029819879580844
22.77738957077016,30,3,3,4.0,20.9846783959143,105.857651620495,private_house,full,has_title,7800000000.0,4.865054111786902
22.731479869472107,31,3,6,6.0,21.0235591189224,105.774311234166,private_house,full,has_title,7450000000.0,8.322623874045416
22.428013929366653,105,3,2,5.0,21.011846210169853,105.77547262965066,apartment,full,has_title,5500000000.0,8.389351446685067
22.515025306341133,37,3,2,5.0,20.9697811334063,105.776256532722,private_house,other,has_title,6000000000.0,10.389314135462305
22.400362398041242,85,2,2,5.0,20.9904860120097,105.869132623759,apartment,other,other,5350000000.0,4.4859904601446
23.397414486441907,61,5,4,4.0,20.996874311381,105.824680811351,private_house,full,has_title,14500000000.0,4.656014481749251
22.920490414393743,45,3,2,5.0,20.9614993570405,105.835320815684,private_house,other,has_title,9000000000.0,7.673425644653972
23.355154677155,145,3,2,5.0,21.035928996361463,105.7824484544287,apartment,full,has_title,13900000000.0,7.503651902095954
22.839521351869447,100,3,2,5.0,20.9941791570932,105.80642768627,apartment,full,has_title,8300000000.0,6.253456980258369
25.720478110717284,260,34,30,10.0,21.0656151553274,105.825005638258,private_house,full,has_title,148000000000.0,5.10822194819834
23.208172486817745,91,2,2,5.0,21.06040283955189,105.80404053190117,apartment,full,has_title,12000000000.0,6.297430244368157
22.53971791892744,73,3,2,5.0,21.006568192597875,105.73759353739916,apartment,other,contract,6150000000.0,12.363014416792263
23.397414486441907,250,3,2,5.0,20.9934255610595,105.490660515554,villa,none,has_title,14500000000.0,37.993556825887325
21.821878125947855,33,1,1,5.0,21.00559991560144,105.73777648734604,apartment,other,contract,3000000000.0,12.365939233325337
24.05547034715733,150,4,4,4.0,21.0190552793201,105.905761047363,apartment,other,has_title,28000000000.0,5.461024646798015
22.73816885762201,100,3,2,5.0,21.0005049558702,105.970515004527,land,other,has_title,7500000000.0,12.483075239068187
22.662007496666998,35,3,4,5.0,20.9847461656986,105.857631531901,private_house,other,has_title,6950000000.0,4.857417478635617
23.942141661854613,150,4,4,5.0,21.07313638124621,105.80031887005518,apartment,basic,has_title,25000000000.0,7.4689586451870085
22.751414084370275,92,2,2,5.0,21.034058292854475,105.77032863954123,apartment,basic,has_title,7600000000.0,8.740013493957049
21.09482939406855,48,2,1,5.0,21.013724623259,105.78108376596,apartment,other,contract,1450000000.0,7.774903611700685
22.898017558544208,160,3,2,1.0,20.9628532773797,105.711204903888,private_house,full,has_title,8800000000.0,16.549164578127595
23.942141661854613,90,17,18,6.0,21.0061663071113,105.847156705043,apartment,full,has_title,25000000000.0,2.578856422797592
22.73816885762201,110,3,2,5.0,21.039946056888272,105.76103271433492,apartment,basic,contract,7500000000.0,9.766994546283208
23.280493148391557,43,3,2,3.0,21.0290212364167,105.803548847542,street_house,full,has_title,12900000000.0,5.265527410609013
22.610335486130307,128,4,3,5.0,20.97818863941734,105.77294987915649,apartment,basic,has_title,6600000000.0,10.11866714440659
22.920490414393743,4,3,2,5.0,21.0677323868854,105.326185048744,land,other,has_title,9000000000.0,55.05191869430175
21.90192083359575,39,3,4,5.0,20.93772524646368,105.73501919335578,private_house,basic,has_title,3250000000.0,15.955768646522044
22.81512989874826,50,3,2,5.0,21.1187832031585,105.823202520362,land,other,has_title,8100000000.0,10.502184012179466
24.29279853345595,110,4,5,6.0,21.0715735702332,105.900694622649,villa,full,has_title,35500000000.0,6.789403706403314
22.95328023721315,45,5,4,6.0,21.0364066429066,105.854510628928,private_house,other,has_title,9300000000.0,0.8759986273647794
22.104547656494013,54,2,2,5.0,21.009225370310062,105.74365165005209,apartment,full,has_title,3980000000.0,11.688769090324941
23.55057945893461,72,6,4,5.0,21.0267830236723,105.859525717824,private_house,full,has_title,16900000000.0,0.5853437112570639
25.965012852011345,260,3,2,5.0,21.079782877932143,105.81428003420476,villa,other,other,189000000000.0,7.032281889935646
22.839521351869447,86,3,2,5.0,21.0272683138377,105.7859743801958,apartment,other,has_title,8300000000.0,7.093437695038242
21.59873457471698,115,3,2,5.0,21.0594338727943,105.515510942267,land,other,has_title,2400000000.0,35.369520306128315
23.41789301778405,68,6,7,5.0,20.9797907983759,105.864730348951,private_house,full,has_title,14800000000.0,5.502947132109314
21.639556569220566,96,3,2,5.0,20.9944578546086,105.523922925726,land,other,has_title,2500000000.0,34.542648756424526
23.54464472341515,57,4,6,7.0,21.0263955122946,105.893453019159,street_house,full,has_title,16800000000.0,4.087052747928064
22.7875937409431,38,3,4,5.0,21.0301631582976,105.801459545714,private_house,full,has_title,7880000000.0,5.485465739533825
23.107430917025045,43,3,3,5.0,21.0382691181597,105.871618550641,private_house,basic,has_title,10850000000.0,2.109074563844789
22.428013929366653,38,4,3,4.0,21.0643766896072,105.779457641275,private_house,full,has_title,5500000000.0,8.725203069519594
22.79643776573844,85,3,2,5.0,21.167861824355533,105.89737202972174,land,other,has_title,7950000000.0,16.068702681060465
22.751414084370275,92,2,2,5.0,21.03414847986281,105.77007880220415,apartment,basic,has_title,7600000000.0,8.766623536360346
23.28821519448487,55,3,2,4.0,20.972412109375,105.761528015137,villa,none,has_title,13000000000.0,11.462900242930786
24.044698250175806,160,3,2,5.0,21.051967447679957,105.88408382673748,land,other,has_title,27700000000.0,4.049620352486512
20.985630102183134,80,3,2,5.0,21.2690080439152,105.87635701945,land,other,has_title,1300000000.0,26.72806514435651
22.72474583729167,33,4,5,6.0,21.0323786148471,105.808781750955,private_house,basic,has_title,7400000000.0,4.740685328274984
21.81182779009772,45,3,2,5.0,21.004217823317,105.678121768961,land,other,has_title,2970000000.0,18.50130193104963
22.454921382281753,36,5,5,5.0,21.0262576604251,105.892773184808,private_house,full,has_title,5650000000.0,4.017416127570453
23.437960580833515,96,3,2,5.0,21.09608102349692,105.71242312751386,apartment,basic,contract,15100000000.0,16.52547583870299
21.752885254484713,55,3,2,5.0,20.8458001742457,105.900402427058,land,other,has_title,2800000000.0,20.790860304498963
22.045021677195397,73,2,2,5.0,20.97595919848596,105.76160112200589,apartment,basic,has_title,3750000000.0,11.248386266034759
22.602730886746244,101,3,2,5.0,21.05138594248285,105.88473938590002,apartment,other,other,6550000000.0,4.061650075390778
22.602730886746244,97,3,2,5.0,21.05189166079333,105.88557374548488,apartment,other,contract,6550000000.0,4.164369032182917
23.41789301778405,48,4,3,5.0,20.971712071590545,105.83906299128104,private_house,full,has_title,14800000000.0,6.481367704056987
22.446032434866087,73,2,2,5.0,21.04936119854393,105.77785967619124,apartment,full,has_title,5600000000.0,8.264388428068024
22.76448616593592,82,3,2,5.0,21.005908592217438,105.7939503652198,apartment,full,has_title,7700000000.0,6.74442228663673
22.728791695810667,102,3,3,5.0,20.98361870380005,105.77738112088971,apartment,other,has_title,7430000000.0,9.406246689427585
22.428013929366653,38,2,3,3.0,21.0350147041709,105.823305321683,private_house,full,has_title,5500000000.0,3.291456553713495
24.18900173977739,108,4,4,5.0,21.11576708043874,105.8694855661978,villa,other,has_title,32000000000.0,9.791739776263352
23.11202862627325,58,5,6,6.0,21.0295968145754,105.809707770425,private_house,full,has_title,10900000000.0,4.6265733260274065
23.28821519448487,50,4,3,4.0,20.9618887838937,105.768348555743,private_house,other,has_title,13000000000.0,11.57882662537022
23.25696265098321,80,4,4,5.0,20.87196746148768,105.8623689916424,villa,other,has_title,12600000000.0,17.351529383109227
24.33418374961766,250,3,2,3.0,21.0019988293815,105.707807578146,villa,other,contract,37000000000.0,15.499194641920088
24.87901902731283,140,3,2,6.0,21.0112111554862,105.822482319921,street_house,full,has_title,63800000000.0,3.8126118337329142
22.717966150307213,40,4,4,5.0,21.0161717941459,105.828753256136,private_house,basic,has_title,7350000000.0,2.9767037675913657
24.157253041463814,43,3,2,6.0,21.0187522230017,105.82187451597,street_house,full,has_title,31000000000.0,3.5294227117465735
21.57768116552801,100,3,2,5.0,21.2917295883221,105.761603433562,land,other,has_title,2350000000.0,30.690243481192454
24.000410569976324,160,8,8,4.0,20.979071766419302,105.74185096238006,villa,full,has_title,26500000000.0,12.899110995689167
23.90048598658748,220,3,3,3.0,20.982559188108425,105.75794974696886,shophouse,basic,has_title,23980000000.0,11.225329256958007
22.53155460828961,101,3,2,5.0,21.05208362022645,105.88517232578693,apartment,other,contract,6100000000.0,4.145129913098254
22.875028040322153,35,3,4,6.0,21.0467879036397,105.87185381364,private_house,full,has_title,8600000000.0,2.7325911101716605
22.802707378751247,116,3,2,5.0,20.986784442181104,105.78700980861788,apartment,full,has_title,8000000000.0,8.37424731105092
22.654787248694554,35,10,5,6.0,21.0322874357282,105.774250649477,private_house,other,has_title,6900000000.0,8.321254593726918
23.272711007950107,84,4,3,3.0,21.074217838396,105.823969338604,private_house,basic,has_title,12800000000.0,5.957669561484731
22.744813400339794,84,3,1,2.0,20.9457516580754,105.800687660226,private_house,basic,has_title,7550000000.0,10.718938202943267
24.66484764463552,129,20,21,5.0,21.0533439750411,105.808971539379,apartment,other,other,51500000000.0,5.4467288007296295
22.05826690394191,46,1,1,5.0,20.98493677154783,105.77958144811892,apartment,basic,contract,3800000000.0,9.134892174507602
23.074641094205127,31,2,2,2.0,21.0617315991399,105.882390564888,street_house,basic,has_title,10500000000.0,4.703501022385102
22.017993004814784,77,2,2,5.0,20.95722944599583,105.75693441241984,apartment,other,has_title,3650000000.0,12.827426858598223
23.83678114620123,75,4,3,5.0,20.9739685058594,105.82169342041,villa,basic,has_title,22500000000.0,6.9191425370250865
24.1211243173765,108,6,2,5.0,20.9929615847612,105.798137603909,villa,full,has_title,29900000000.0,7.032237275462072
23.470536751266007,72,17,17,7.0,21.0154901592929,105.830023606742,private_house,full,has_title,15600000000.0,2.896769654710465
22.498218188027575,45,3,4,6.0,21.0242662747473,105.90247513788,private_house,full,has_title,5900000000.0,5.0401475833875
22.72474583729167,52,3,2,5.0,21.0014880448455,105.758154599904,land,other,has_title,7400000000.0,10.423150425970299
23.83678114620123,75,4,3,5.0,20.97396850585937,105.82169342041016,villa,basic,has_title,22500000000.0,6.91914253701979
22.52827053308896,68,3,2,5.0,21.1522516191232,105.829810127415,land,other,has_title,6080000000.0,13.933962614912708
21.61115709471039,51,1,1,5.0,21.00204936545047,105.96490724670176,apartment,other,has_title,2430000000.0,11.875851569756279
23.921938954537907,144,5,5,3.0,21.021921911412488,105.90866531943205,villa,other,has_title,24500000000.0,5.708480385250864
25.51075757973679,260,3,2,4.0,21.0374028104903,105.800549298896,street_house,other,other,120000000000.0,5.663299561953675
22.53155460828961,96,3,2,5.0,20.985721452155413,105.83923516571474,apartment,full,has_title,6100000000.0,4.985308341969129
23.12116110983569,80,5,2,5.0,20.8710623871735,105.863067617128,villa,none,has_title,11000000000.0,17.455303922660093
22.648973278829978,77,2,2,5.0,21.036337103022444,105.78611382793142,apartment,full,has_title,6860000000.0,7.130409554730104
22.839521351869447,114,3,2,5.0,21.03980145757051,105.76078881938268,apartment,other,contract,8300000000.0,9.790078433651026
22.822510006044975,51,6,4,5.0,21.1189466827867,105.82319279355,private_house,full,has_title,8160000000.0,10.5197223006836
23.139179615336747,50,5,2,6.0,20.9899703326562,105.820303263555,private_house,other,has_title,11200000000.0,5.533237697749415
24.18900173977739,74,2,2,2.0,20.9995156,105.8082001,street_house,basic,has_title,32000000000.0,5.759114802801328
22.920490414393743,31,8,5,5.0,21.0464832265489,105.810432405182,private_house,full,has_title,9000000000.0,4.966017119453418
23.369440634401457,45,4,3,4.0,20.9765003899991,105.790910283164,private_house,basic,has_title,14100000000.0,8.743237172334736
21.961640068279536,48,1,1,5.0,20.99418497151425,105.95089372811002,apartment,basic,contract,3450000000.0,10.746519026643705
24.0374518416553,183,4,4,3.0,21.0899250176166,105.804499096573,private_house,basic,has_title,27500000000.0,8.540060305753421
23.431316038115288,76,3,2,5.0,21.0516036499109,105.808408546112,private_house,other,has_title,15000000000.0,5.4035040413777855
22.86333200056033,50,5,4,6.0,21.0400549603421,105.815702545075,private_house,basic,has_title,8500000000.0,4.201208598229916
22.833479037414214,110,3,2,5.0,20.9991188049316,105.808441162109,apartment,full,has_title,8250000000.0,5.763010544731811
25.798439652186488,260,3,2,5.0,21.0151156737578,105.853554074633,street_house,other,has_title,160000000000.0,1.4833971336398004
22.181880859878486,54,2,1,5.0,21.01232116445392,105.76805888864294,apartment,full,has_title,4300000000.0,9.132307687481754
24.46093545525359,80,3,2,5.0,21.0180585270184,105.854975976745,street_house,other,has_title,42000000000.0,1.1588629213494117
23.065071643189892,108,3,2,5.0,21.03746950639456,105.7864072744153,apartment,full,has_title,10400000000.0,7.116517965785256
22.69734686310731,143,3,2,5.0,20.986766178359492,105.7879667982856,apartment,basic,has_title,7200000000.0,8.292562596130757
22.05826690394191,74,2,2,5.0,20.958798531047577,105.84595119436592,apartment,full,has_title,3800000000.0,7.764647237516762
22.920490414393743,31,8,5,5.0,21.0464128322699,105.810436667309,apartment,full,has_title,9000000000.0,4.962492271032528
22.81512989874826,39,6,5,5.0,20.9778645655891,105.842481473643,private_house,basic,has_title,8100000000.0,5.7370673716201965
24.249626361591986,101,4,5,3.0,21.0464568229275,105.799294156832,private_house,other,has_title,34000000000.0,6.043534762533585
22.748779036732618,38,3,4,5.0,20.9908105975331,105.862976482579,private_house,other,has_title,7580000000.0,4.271454943284358
21.12873094572124,75,3,2,5.0,21.2767445480568,105.777954876734,land,other,has_title,1500000000.0,28.603489156956925
23.248994481334666,32,3,4,4.0,20.9649175596669,105.775400716711,street_house,full,has_title,12500000000.0,10.801923337634348
22.463732011962353,100,3,2,5.0,20.95915383036222,105.84685688511546,apartment,other,other,5700000000.0,7.715664826901607
25.423746202747918,2,3,2,5.0,21.0010300042792,105.851979877665,land,other,other,110000000000.0,3.0501465481850136
22.03159865686686,75,2,2,5.0,20.959110359224173,105.84691555945209,apartment,full,has_title,3700000000.0,7.719853278969359
21.976028805727495,55,2,1,5.0,21.01110158372664,105.79169544485688,apartment,basic,has_title,3500000000.0,6.777286875977525
25.664908259562857,200,3,2,6.0,21.0291647845949,105.845042554041,street_house,other,has_title,140000000000.0,0.9547616571118953
